{"metadata":{"asset_id":"2643e2a0-5c87-4a04-8967-891904499a0c","asset_attributes":["notebook"],"name":"SpaceX_Machine Learning Prediction_Part_5","asset_type":"notebook","created_at":"2022-10-29T17:29:34Z","description":"","origin_country":"us","owner_id":"IBMid-667000CU5Y","project_id":"a760c8d3-baee-4d70-a875-fabad2c86509","size":78037,"tags":["notebook"],"usage":{"last_update_time":1667065493749,"last_updated_at":"2022-10-29T17:44:53Z"}},"entity":{"notebook":{"kernel":{"name":"python3","display_name":"Python 3.9","language":"python"},"originates_from":{"type":"blank"},"runtime":{"environment":"conda2rt221-a760c8d3-baee-4d70-a875-fabad2c86509"}},"location_definition":{"physical_location_code":"DAL","physical_location_code_assigned_by":"IBMid-667000CU5Y","physical_location_code_rds_id":"c57cb90f-2126-3800-9c9f-9eab82021cdf","physical_location_code_rds_version":"00002022-1026-4142-8301-680162000000_2","physical_location_code_assignment_method":"INFERRED","physical_location_code_added_on":"1667017572556"}},"attachments":[{"id":"5da0efc6-6708-4168-955c-53519164402e","version":2,"asset_type":"notebook","name":"attachment for notebook 2643e2a0-5c87-4a04-8967-891904499a0c","description":"attachment for notebook 2643e2a0-5c87-4a04-8967-891904499a0c","mime":"application/json","datasource_type":"193a97c1-4475-4a19-b90c-295c4fdc6517","object_key":"notebook/SpaceX_Machine_Learning_Prediction_Part_5_tx_GJPh17.ipynb","creator_id":"IBMid-667000CU5Y","create_time":1667064575163,"size":78037,"is_remote":false,"is_managed":false,"is_referenced":true,"is_object_key_read_only":false,"is_user_provided_path_key":true,"transfer_complete":true,"is_partitioned":false,"complete_time_ticks":1667064575163,"user_data":{},"test_doc":0,"handle":{"bucket":"applieddatasciencecapstone-donotdelete-pr-irpztbvmkpiiku","location":"us-geo","type":"bluemix_cos","key":"notebook/SpaceX_Machine_Learning_Prediction_Part_5_tx_GJPh17.ipynb","upload_id":"done","max_part_num":1},"usage":{"access_count":8,"last_accessor_id":"IBMid-667000CU5Y","last_access_time":1667065490301,"last_updater_id":"IBMid-667000CU5Y","last_update_time":1667065490301}}]}
