{"metadata":{"asset_id":"36bccc4c-ede2-4ea3-9ba6-90be11075174","asset_attributes":["notebook"],"name":"jupyter-labs-spacex-data-collection-api (1)","asset_type":"notebook","created_at":"2022-10-29T04:27:07Z","description":"","origin_country":"us","owner_id":"IBMid-667000CU5Y","project_id":"a760c8d3-baee-4d70-a875-fabad2c86509","size":504960,"tags":["notebook"],"usage":{"last_update_time":1667018374509,"last_updated_at":"2022-10-29T04:39:34Z"}},"entity":{"notebook":{"kernel":{"name":"python3","display_name":"Python 3.9","language":"python"},"originates_from":{"type":"blank"},"runtime":{"environment":"conda2rt221-a760c8d3-baee-4d70-a875-fabad2c86509"}},"location_definition":{"physical_location_code":"DAL","physical_location_code_assigned_by":"IBMid-667000CU5Y","physical_location_code_rds_id":"c57cb90f-2126-3800-9c9f-9eab82021cdf","physical_location_code_rds_version":"00002022-1026-4142-8301-680162000000_2","physical_location_code_assignment_method":"INFERRED","physical_location_code_added_on":"1667017572556"}},"attachments":[{"id":"2d71f3d0-f073-45a8-b750-93644f0a41d8","version":2,"asset_type":"notebook","name":"attachment for notebook 36bccc4c-ede2-4ea3-9ba6-90be11075174","description":"attachment for notebook 36bccc4c-ede2-4ea3-9ba6-90be11075174","mime":"application/json","datasource_type":"193a97c1-4475-4a19-b90c-295c4fdc6517","object_key":"notebook/jupyter-labs-spacex-data-collection-api_(1)_BSTr2PKgN.ipynb","creator_id":"IBMid-667000CU5Y","create_time":1667017629855,"size":504960,"is_remote":false,"is_managed":false,"is_referenced":true,"is_object_key_read_only":false,"is_user_provided_path_key":true,"transfer_complete":true,"is_partitioned":false,"complete_time_ticks":1667017629855,"user_data":{},"test_doc":0,"handle":{"bucket":"applieddatasciencecapstone-donotdelete-pr-irpztbvmkpiiku","location":"us-geo","type":"bluemix_cos","key":"notebook/jupyter-labs-spacex-data-collection-api_(1)_BSTr2PKgN.ipynb","upload_id":"done","max_part_num":1},"usage":{"access_count":6,"last_accessor_id":"IBMid-667000CU5Y","last_access_time":1667018374505,"last_updater_id":"IBMid-667000CU5Y","last_update_time":1667018374505}}]}
